filename,year,month,num_citations,file_size,forward_links
Shahumyan Region,2008,4,3,39285,82
1993 Summer Offensives,2008,2,2,59434,179
Askeran Region,2013,2,1,50133,136
Hadrut Region,2013,1,2,48169,125
Azat u ankakh Artsakh,2013,3,0,69792,281
Operation Goranboy,2010,9,4,85521,270
Battle of Kalbajar,2007,9,22,87361,268
Battle of Kalbajar,2007,2,20,83146,234
Khodaafarin Bridges,2010,7,1,50978,165
Mardakert and Martuni Offensives,2012,1,2,62688,190
Askeran Region,2007,5,0,34887,64
List of representative offices of Nagorno Karabakh,2015,3,3,60304,187
Martuni Region,2006,4,0,28811,45
Khodaafarin Bridges,2008,5,1,26760,36
Nagorno Karabakh Republic,2014,7,109,316089,803
Political status of Nagorno Karabakh,2014,11,57,114800,142
Mardakert and Martuni Offensives,2010,12,2,62828,190
Political status of Nagorno Karabakh,2013,4,43,92888,134
Kashatagh Region,2014,9,5,55124,94
Flag of Nagorno Karabakh,2011,4,1,42118,114
Capture of Shusha,2008,10,21,95270,291
Martuni Region,2007,12,0,37393,76
Battle of Kalbajar,2009,1,22,83846,223
Nagorno Karabakh passport,2014,6,1,77525,346
2008 Mardakert skirmishes,2012,3,32,117731,288
1993 Summer Offensives,2010,8,3,64693,197
Flag of Nagorno Karabakh,2007,1,1,26857,45
2008 Mardakert skirmishes,2009,11,31,107500,251
2010 Mardakert skirmishes,2011,1,15,86009,240
Operation Goranboy,2013,2,5,88181,277
Nagorno Karabakh Republic,2011,6,108,278936,761
Azat u ankakh Artsakh,2008,12,0,67526,281
Operation Goranboy,2013,7,5,87946,281
Flag of Nagorno Karabakh,2005,9,0,23416,36
Nagorno Karabakh Republic,2012,6,112,306343,763
Askeran Region,2008,6,0,34825,68
Nagorno Karabakh national football team,2014,8,3,57372,107
Nagorno Karabakh national football team,2014,12,3,59650,113
Battle of Aghdam,2010,6,6,49875,111
Nagorno Karabakh Republic,2011,8,108,275160,745
Hadrut Region,2007,2,1,37280,73
Azat u ankakh Artsakh,2012,9,0,70349,285
Battle of Kalbajar,2007,4,20,87436,264
Askeran Region,2014,2,1,50392,136
Shahumyan Region,2013,12,4,45628,91
Flag of Nagorno Karabakh,2011,1,1,41922,117
1993 Summer Offensives,2009,5,2,59896,178
Capture of Shusha,2014,9,31,120528,317
Shushi Region,2014,10,1,44877,88
1993 Summer Offensives,2012,10,3,63334,194
Nagorno Karabakh Republic,2010,4,81,228352,592
Mardakert and Martuni Offensives,2008,1,2,60519,180
Shahumyan Region,2006,4,0,29773,44
Kashatagh Region,2015,1,5,57250,89
Shushi Region,2012,4,1,43904,85
Azat u ankakh Artsakh,2014,8,0,70785,291
Capture of Shusha,2014,11,31,120632,317
Mardakert and Martuni Offensives,2008,8,2,61095,182
Nagorno Karabakh Republic,2011,9,108,274145,740
Shushi Region,2008,10,1,38514,78
Artsakh Air,2011,7,8,33629,50
Capture of Shusha,2012,12,30,117859,302
Shahumyan Region,2007,1,0,35730,74
Artsakh Air,2013,3,9,34780,57
Mardakert and Martuni Offensives,2012,2,2,64022,191
2010 Mardakert skirmishes,2013,2,15,86871,249
Battle of Kalbajar,2008,10,22,84091,222
Azat Artsakh,2014,1,0,30841,57
Martuni Region,2010,7,0,38199,79
Nagorno Karabakh Republic,2009,2,68,213624,553
Nagorno Karabakh Republic,2008,1,57,134385,259
Flag of Nagorno Karabakh,2008,5,1,41573,130
Shushi Region,2015,2,1,45563,83
Flag of Nagorno Karabakh,2007,12,1,45300,63
2008 Mardakert skirmishes,2010,7,32,107272,240
Miatsum,2009,9,1,28817,46
Mardakert and Martuni Offensives,2013,3,2,64043,198
Shahumyan Region,2006,8,0,30281,50
Shahumyan Region,2011,11,4,48756,98
Political status of Nagorno Karabakh,2013,8,44,93408,135
2008 Mardakert skirmishes,2011,8,32,116553,291
Nagorno Karabakh Republic,2014,2,96,303356,805
Flag of Nagorno Karabakh,2013,2,0,33860,35
2010 Mardakert skirmishes,2013,5,15,86967,247
Kashatagh Region,2012,12,5,55118,97
Askeran Region,2011,7,1,40529,91
Askeran Region,2009,11,1,40217,84
Martuni Region,2011,2,0,39572,89
Hadrut Region,2012,1,2,47335,130
List of diplomatic missions in Nagorno Karabakh,2011,7,0,36796,99
Askeran Region,2006,11,0,34878,72
Shahumyan Region,2011,6,4,44280,99
2008 Mardakert skirmishes,2012,1,32,116336,291
Azat u ankakh Artsakh,2014,9,0,70862,283
Khodaafarin Bridges,2009,10,1,49737,159
Khodaafarin Bridges,2009,2,1,29073,43
List of representative offices of Nagorno Karabakh,2011,10,4,57757,178
Nagorno Karabakh Republic,2010,10,91,261830,753
Nagorno Karabakh Republic,2009,4,68,217401,569
Askeran Region,2011,8,1,42895,92
Law enforcement in Nagorno Karabakh Republic,2013,2,2,48466,184
Battle of Aghdam,2013,3,8,52967,124
Shushi Region,2007,4,1,39161,77
Kashatagh Region,2010,7,3,40516,85
Hadrut Region,2011,3,1,39170,78
Battle of Aghdam,2014,10,8,50308,112
Political status of Nagorno Karabakh,2013,12,44,92983,137
Nagorno Karabakh Republic,2005,3,0,39011,25
List of representative offices of Nagorno Karabakh,2011,11,4,58437,178
Kashatagh Region,2011,12,4,55483,94
Shahumyan Region,2013,2,4,49332,106
Flag of Nagorno Karabakh,2004,11,0,22883,34
Operation Goranboy,2014,9,5,88740,285
1993 Summer Offensives,2008,1,2,59462,178
Nagorno Karabakh Republic,2015,2,111,320069,804
Battle of Kalbajar,2006,12,20,83586,237
Shahumyan Region,2009,7,3,41690,95
Flag of Nagorno Karabakh,2010,8,1,41655,116
Shahumyan Region,2013,3,4,48750,98
Kashatagh Region,2009,3,5,40635,81
List of diplomatic missions in Nagorno Karabakh,2011,10,0,39214,109
Azat u ankakh Artsakh,2011,10,0,67377,281
February 2010 Nagorno Karabakh skirmish,2011,1,5,75157,228
Battle of Aghdam,2012,4,8,52596,120
1993 Summer Offensives,2007,2,3,31588,54
Battle of Kalbajar,2007,10,22,87657,268
2008 Mardakert skirmishes,2009,2,31,105767,248
Azat u ankakh Artsakh,2008,8,0,66981,281
2010 Mardakert skirmishes,2014,6,15,85780,244
Operation Goranboy,2010,11,4,85599,271
Artsakh Air,2012,4,8,34049,53
Flag of Nagorno Karabakh,2004,12,0,22965,34
2014 Armenian%E2%80%93Azerbaijani clashes,2015,1,28,115250,236
Hadrut Region,2007,12,1,37431,72
Hadrut Region,2010,8,1,38182,72
Hadrut Region,2007,11,1,37052,74
Political status of Nagorno Karabakh,2013,2,41,90858,128
Flag of Nagorno Karabakh,2010,2,1,45086,130
Flag of Nagorno Karabakh,2008,4,1,41259,128
Shahumyan Region,2012,6,4,48569,96
2014 Armenian%E2%80%93Azerbaijani clashes,2014,12,28,114752,231
Operation Goranboy,2011,4,4,85793,271
Shushi Region,2008,2,1,38893,75
Askeran Region,2007,7,0,35162,69
Battle of Aghdam,2011,10,8,52155,118
Hadrut Region,2007,4,1,37634,76
Operation Goranboy,2015,2,5,90645,282
Hadrut Region,2008,7,1,37701,67
2008 Mardakert skirmishes,2008,3,31,106704,252
Flag of Nagorno Karabakh,2006,12,0,25680,35
Askeran Region,2011,9,1,49571,130
Flag of Nagorno Karabakh,2006,4,0,24924,39
Hadrut Region,2014,1,2,47612,127
Capture of Shusha,2011,4,27,111937,302
2008 Mardakert skirmishes,2008,7,31,105963,247
Capture of Shusha,2009,2,21,95602,293
Hadrut Region,2011,12,2,46831,122
Telephone numbers in the Nagorno Karabakh Republic,2013,7,0,46077,176
Kashatagh Region,2011,5,3,40759,83
Nagorno Karabakh Republic,2008,9,68,207781,555
Artsakh Air,2011,1,7,33521,53
Capture of Shusha,2013,6,31,118759,308
Capture of Shusha,2011,3,28,114550,302
1993 Summer Offensives,2014,11,3,62645,191
Battle of Aghdam,2012,10,8,52482,118
Kashatagh Region,2014,1,5,54747,91
Azat Artsakh,2011,10,0,29824,52
Martuni Region,2011,7,0,38859,81
Askeran Region,2008,2,0,35001,68
Azat u ankakh Artsakh,2009,12,0,67565,282
Askeran Region,2006,3,0,28815,45
2008 Mardakert skirmishes,2009,12,32,108211,243
1993 Summer Offensives,2013,11,3,63465,195
Battle of Kalbajar,2009,10,17,85254,228
2010 Mardakert skirmishes,2012,1,15,85880,244
Hadrut Region,2010,5,1,38170,72
Flag of Nagorno Karabakh,2006,6,0,24292,31
Capture of Shusha,2014,8,31,117462,309
List of representative offices of Nagorno Karabakh,2010,6,2,29945,38
Nagorno Karabakh Republic,2010,7,86,255592,745
Battle of Kalbajar,2007,12,22,87351,268
Nagorno Karabakh Republic,2011,1,96,263459,750
Khodaafarin Bridges,2012,10,1,51485,167
Shahumyan Region,2009,9,3,41754,89
Kashatagh Region,2008,9,5,40166,79
Khodaafarin Bridges,2009,7,1,48924,159
Flag of Nagorno Karabakh,2010,4,1,45862,135
Azat Artsakh,2010,6,0,29841,54
2010 Mardakert skirmishes,2010,11,15,77131,191
List of diplomatic missions in Nagorno Karabakh,2013,2,0,36765,101
2008 Mardakert skirmishes,2010,10,32,108159,240
Miatsum,2012,8,1,54847,174
2014 Armenian%E2%80%93Azerbaijani clashes,2014,9,32,121846,247
Flag of Nagorno Karabakh,2008,9,1,43531,130
1993 Summer Offensives,2007,6,2,34607,71
Shushi Region,2010,9,1,38381,72
Kashatagh Region,2008,10,5,40786,81
Shahumyan Region,2012,11,4,48854,100
Operation Goranboy,2014,8,5,88100,284
Martuni Region,2008,11,0,38532,79
List of representative offices of Nagorno Karabakh,2011,4,4,60051,178
Flag of Nagorno Karabakh,2012,6,1,45414,122
Hadrut Region,2012,3,2,47386,127
Battle of Kalbajar,2009,5,22,83373,223
2008 Mardakert skirmishes,2009,9,31,107111,249
Shushi Region,2009,1,1,38579,78
Nagorno Karabakh Republic,2008,10,69,206790,541
Kashatagh Region,2011,3,3,40677,83
2008 Mardakert skirmishes,2009,7,31,106945,249
Hadrut Region,2010,9,1,39588,78
Mardakert and Martuni Offensives,2013,8,2,63454,194
List of representative offices of Nagorno Karabakh,2012,10,3,57145,177
Capture of Shusha,2007,10,21,96890,304
Capture of Shusha,2012,1,29,114303,298
Artsakh Air,2011,5,8,34092,50
Flag of Nagorno Karabakh,2004,9,0,22317,31
Nagorno Karabakh national football team,2014,4,2,39510,66
February 2010 Nagorno Karabakh skirmish,2010,11,5,65914,178
2014 Armenian%E2%80%93Azerbaijani clashes,2014,8,32,122053,248
Azat u ankakh Artsakh,2013,2,0,70689,289
Shahumyan Region,2008,11,3,40881,88
Law enforcement in Nagorno Karabakh Republic,2009,12,2,47702,179
1993 Summer Offensives,2009,6,2,60387,184
Battle of Kalbajar,2011,3,20,100330,268
Khodaafarin Bridges,2012,11,1,51238,165
List of diplomatic missions in Nagorno Karabakh,2013,3,0,37309,105
Nagorno Karabakh Republic,2013,5,88,286798,779
Azat u ankakh Artsakh,2007,10,0,65783,278
Kashatagh Region,2013,9,5,54889,93
Miatsum,2014,6,4,67581,236
Artsakh Air,2011,9,8,33657,48
Azat u ankakh Artsakh,2010,2,0,67489,280
February 2010 Nagorno Karabakh skirmish,2011,8,5,75576,232
List of diplomatic missions in Nagorno Karabakh,2013,1,0,39300,110
Azat u ankakh Artsakh,2012,8,0,70229,285
Mardakert and Martuni Offensives,2009,1,2,60869,181
1993 Summer Offensives,2009,12,3,64993,199
Nagorno Karabakh passport,2013,12,1,77033,341
Azat u ankakh Artsakh,2006,7,0,63483,279
Capture of Shusha,2013,1,30,117802,302
Nagorno Karabakh Republic,2009,12,75,221899,576
Nagorno Karabakh national football team,2013,3,2,31542,46
1993 Summer Offensives,2009,1,2,59763,177
February 2010 Nagorno Karabakh skirmish,2013,11,5,76508,237
Askeran Region,2006,4,0,29074,44
Operation Goranboy,2010,5,4,85889,271
Shahumyan Region,2011,9,4,48318,98
Khodaafarin Bridges,2010,5,1,50104,163
Azat Artsakh,2009,6,0,27634,43
Mardakert and Martuni Offensives,2014,11,2,64245,196
Kashatagh Region,2011,2,3,40543,83
1993 Summer Offensives,2006,10,3,28379,45
Karabakh Open,2011,10,0,22890,33
Martuni Region,2012,7,0,46731,123
Shahumyan Region,2006,3,0,29810,45
Nagorno Karabakh Republic,2008,7,65,155120,309
Nagorno Karabakh Republic,2010,12,95,263410,749
Operation Goranboy,2009,12,3,80712,251
Capture of Shusha,2008,8,21,94945,291
Flag of Nagorno Karabakh,2008,7,1,43002,130
Capture of Shusha,2011,12,30,115152,298
Flag of Nagorno Karabakh,2006,11,0,25148,39
Flag of Nagorno Karabakh,2007,9,1,45000,62
Karabakh Open,2013,3,0,23262,36
Flag of Nagorno Karabakh,2006,5,0,23724,33
Shushi Region,2007,9,1,38925,75
Capture of Shusha,2013,9,31,119215,309
2008 Mardakert skirmishes,2011,4,32,116576,292
Battle of Kalbajar,2007,1,20,83310,236
Nagorno Karabakh Republic,2012,8,112,302642,736
Shahumyan Region,2010,9,4,43571,98
Miatsum,2010,9,1,57883,180
1993 Summer Offensives,2010,12,3,62952,189
Shushi Region,2012,11,1,44183,89
Aram Grigoryan,2013,4,2,30360,47
List of representative offices of Nagorno Karabakh,2013,3,3,59049,188
Shahumyan Region,2009,10,3,41613,90
2010 Mardakert skirmishes,2010,12,15,76258,187
Askeran Region,2008,12,1,40133,86
Askeran Region,2008,11,1,39856,86
Battle of Kalbajar,2013,8,22,104636,277
Miatsum,2010,12,1,57938,180
Shahumyan Region,2012,8,4,48930,100
2008 Mardakert skirmishes,2009,5,31,105684,244
Flag of Nagorno Karabakh,2009,9,1,44491,134
Azat Artsakh,2012,10,0,29971,52
Battle of Kalbajar,2014,9,21,103072,276
Azat Artsakh,2012,1,0,30684,58
List of representative offices of Nagorno Karabakh,2012,11,3,57013,175
Capture of Shusha,2007,6,20,93302,291
Capture of Shusha,2007,11,21,97785,308
Flag of Nagorno Karabakh,2010,1,1,44849,130
Kashatagh Region,2014,10,5,55653,90
1993 Summer Offensives,2007,9,2,34993,74
Martuni Region,2009,1,0,38309,79
Operation Goranboy,2013,3,5,88207,285
Shahumyan Region,2013,11,4,48742,98
Operation Goranboy,2012,6,4,86597,280
Law enforcement in Nagorno Karabakh Republic,2014,3,2,47851,176
Battle of Aghdam,2010,10,8,52290,118
Hadrut Region,2008,8,1,37801,71
Mardakert and Martuni Offensives,2010,8,2,64565,198
Azat u ankakh Artsakh,2008,3,0,66911,281
Hadrut Region,2006,4,0,30216,46
Martuni Region,2011,1,0,38387,81
Khodaafarin Bridges,2011,7,1,50690,163
Azat u ankakh Artsakh,2009,11,0,68453,280
Martuni Region,2008,8,0,38228,79
Capture of Shusha,2015,4,31,124254,317
Miatsum,2013,2,1,55309,180
Kashatagh Region,2011,7,3,40631,83
Battle of Kalbajar,2008,11,22,83815,223
Kashatagh Region,2009,9,3,40411,81
Flag of Nagorno Karabakh,2009,6,1,44053,138
Kashatagh Region,2012,4,5,56582,94
Kashatagh Region,2013,8,5,54446,87
Mardakert and Martuni Offensives,2009,12,2,64949,202
Mardakert and Martuni Offensives,2007,2,2,57225,172
Askeran Region,2008,3,0,35177,68
Operation Goranboy,2010,1,4,80325,246
Mardakert and Martuni Offensives,2012,7,2,64522,200
Flag of Nagorno Karabakh,2008,1,1,40606,132
Martuni Region,2011,3,0,38320,79
Artsakh Air,2013,9,9,101865,443
Artsakh Air,2011,3,7,32884,51
Capture of Shusha,2006,12,13,85200,259
Shahumyan Region,2007,10,3,39149,86
Shahumyan Region,2011,2,4,44591,99
Capture of Shusha,2009,8,23,99521,293
List of representative offices of Nagorno Karabakh,2010,7,2,52773,162
Artsakh Air,2013,10,9,38139,65
Hadrut Region,2006,11,0,36124,74
Azat u ankakh Artsakh,2006,11,0,63282,280
Shushi Region,2013,1,1,43562,85
Askeran Region,2014,1,1,49797,130
Capture of Shusha,2008,11,21,95230,293
Law enforcement in Nagorno Karabakh Republic,2007,5,2,27771,51
Operation Goranboy,2013,11,5,88341,286
Askeran Region,2007,12,0,35067,68
2008 Mardakert skirmishes,2010,3,32,108182,243
Operation Goranboy,2011,5,4,84403,263
Law enforcement in Nagorno Karabakh Republic,2008,3,2,38173,123
Martuni Region,2007,5,0,37494,78
Battle of Aghdam,2010,9,8,51627,115
Capture of Shusha,2010,6,28,112924,296
2010 Mardakert skirmishes,2011,4,15,85808,242
Capture of Shusha,2012,5,30,117420,304
Hadrut Region,2009,2,1,37726,71
2008 Mardakert skirmishes,2009,10,31,107621,251
2008 Mardakert skirmishes,2010,5,32,108031,246
Nagorno Karabakh Republic,2008,6,62,149112,281
Capture of Shusha,2006,10,10,80618,246
Artsakh Air,2011,10,8,33831,53
Nagorno Karabakh Republic,2008,8,65,155256,311
Azat Artsakh,2009,12,0,29533,49
2008 Mardakert skirmishes,2012,11,32,118148,287
Shushi Region,2011,7,1,38307,72
Askeran Region,2011,1,1,40503,91
Battle of Aghdam,2014,11,8,51056,120
Khodaafarin Bridges,2011,1,1,51503,169
Operation Goranboy,2012,7,5,87680,281
Battle of Aghdam,2013,2,8,52729,116
Azat Artsakh,2009,9,0,27526,43
Askeran Region,2009,12,1,40441,92
Capture of Shusha,2012,2,29,114374,296
1993 Summer Offensives,2007,12,2,35306,74
February 2010 Nagorno Karabakh skirmish,2010,12,5,65193,174
Operation Goranboy,2010,10,4,85983,276
Battle of Kalbajar,2012,6,21,102269,267
Nagorno Karabakh Republic,2013,7,95,296566,792
Hadrut Region,2007,7,1,37728,80
2010 Mardakert skirmishes,2012,12,15,86344,243
Capture of Shusha,2007,4,19,90290,271
Askeran Region,2007,8,0,35186,69
Capture of Shusha,2011,1,28,114019,299
Nagorno Karabakh Republic,2009,11,71,225318,609
Azat u ankakh Artsakh,2008,11,0,67785,279
Martuni Region,2006,11,0,37396,81
Azat Artsakh,2009,1,0,27334,43
List of representative offices of Nagorno Karabakh,2012,8,4,58198,178
Khodaafarin Bridges,2014,7,1,54375,177
Mardakert and Martuni Offensives,2008,4,2,61093,181
List of diplomatic missions in Nagorno Karabakh,2012,2,0,39480,112
Martuni Region,2007,6,0,37568,78
Azat u ankakh Artsakh,2010,4,0,67463,280
Political status of Nagorno Karabakh,2014,2,44,93051,135
List of representative offices of Nagorno Karabakh,2010,3,2,30794,34
Nagorno Karabakh Republic,2009,6,71,224008,616
Shushi Region,2008,6,1,38857,75
Flag of Nagorno Karabakh,2006,8,0,24664,35
Nagorno Karabakh Republic,2014,3,96,302449,801
Nagorno Karabakh Republic,2011,11,108,274699,721
Shushi Region,2008,9,1,37931,71
Operation Goranboy,2013,6,5,88040,285
1993 Summer Offensives,2008,11,2,59890,177
Operation Goranboy,2010,6,4,85731,271
Capture of Shusha,2010,5,28,113135,296
Mardakert and Martuni Offensives,2008,11,2,61015,181
Nagorno Karabakh Republic,2014,1,96,302469,806
Nagorno Karabakh Republic,2014,8,109,316962,796
Nagorno Karabakh Republic,2014,5,109,316312,805
2008 Mardakert skirmishes,2014,11,32,118619,294
Flag of Nagorno Karabakh,2008,2,1,41387,130
Nagorno Karabakh Republic,2010,5,88,258767,754
Khodaafarin Bridges,2013,2,1,52050,171
2010 Mardakert skirmishes,2010,10,14,73910,189
Flag of Nagorno Karabakh,2010,5,1,40366,114
Askeran Region,2010,4,1,40525,88
Battle of Kalbajar,2009,8,17,85291,232
2010 Mardakert skirmishes,2010,9,16,72946,186
Battle of Kalbajar,2010,8,20,100344,270
Nagorno Karabakh Republic,2009,1,68,213683,552
Shahumyan Region,2009,1,3,40361,82
2008 Mardakert skirmishes,2009,8,31,107434,253
Operation Goranboy,2013,4,5,88348,287
Shushi Region,2011,10,1,43458,84
Battle of Kalbajar,2013,2,22,104735,281
Nagorno Karabakh Republic,2008,5,59,136465,259
Askeran Region,2014,10,1,51496,131
Miatsum,2009,7,0,25926,39
Battle of Kalbajar,2008,2,22,84575,251
Operation Goranboy,2010,8,4,85819,270
Battle of Kalbajar,2006,10,20,83391,232
Capture of Shusha,2012,10,30,117883,304
Shushi Region,2011,1,1,38471,76
Shahumyan Region,2007,3,0,35646,73
Nagorno Karabakh Republic,2013,11,96,301990,802
Shushi Region,2011,8,1,40552,73
Shushi Region,2006,12,1,39089,77
Hadrut Region,2010,11,1,38898,75
Shahumyan Region,2011,4,4,43914,99
Flag of Nagorno Karabakh,2010,3,1,45508,135
Askeran Region,2009,3,1,39741,86
Nagorno Karabakh national football team,2014,6,2,54135,90
Battle of Kalbajar,2012,5,21,102024,269
Telephone numbers in the Nagorno Karabakh Republic,2012,3,0,45215,172
Nagorno Karabakh Republic,2013,2,85,283317,775
Battle of Kalbajar,2011,7,20,100588,271
Azat u ankakh Artsakh,2009,4,0,67633,277
Capture of Shusha,2006,11,10,81503,246
2008 Mardakert skirmishes,2010,6,32,108733,246
Askeran Region,2008,4,0,34717,68
Martuni Region,2013,2,0,48282,134
Azat u ankakh Artsakh,2010,8,0,67179,280
Flag of Nagorno Karabakh,2012,8,1,45356,122
Hadrut Region,2011,9,2,47362,129
Nagorno Karabakh Republic,2010,11,91,262767,761
Martuni Region,2008,6,0,37855,77
Shushi Region,2010,2,1,38707,72
2008 Mardakert skirmishes,2015,3,32,121442,289
Shahumyan Region,2008,9,3,40311,88
Mardakert and Martuni Offensives,2009,3,2,60702,181
Azat u ankakh Artsakh,2008,9,0,66815,280
Nagorno Karabakh Republic,2004,9,0,38904,27
2008 Mardakert skirmishes,2015,1,32,119044,298
Battle of Kalbajar,2008,7,22,85306,254
Flag of Nagorno Karabakh,2010,7,1,41425,114
2008 Mardakert skirmishes,2010,12,32,107090,238
Shahumyan Region,2006,9,0,30613,53
Azat u ankakh Artsakh,2007,3,0,64369,280
Battle of Kalbajar,2011,11,20,100749,271
Hadrut Region,2006,6,0,30466,52
Operation Goranboy,2012,4,5,87532,267
Miatsum,2013,12,1,62357,226
Shahumyan Region,2006,6,0,29920,46
Nagorno Karabakh national football team,2013,8,2,34425,46
Capture of Shusha,2010,2,27,112412,303
Martuni Region,2011,12,0,46709,123
Battle of Kalbajar,2009,6,22,86117,236
Nagorno Karabakh Republic,2015,3,111,320379,805
Operation Goranboy,2012,2,4,84655,265
Flag of Nagorno Karabakh,2013,1,1,44982,121
Askeran Region,2008,7,1,39575,83
Azat Artsakh,2012,5,0,30168,52
February 2010 Nagorno Karabakh skirmish,2011,12,5,75595,232
Capture of Shusha,2008,1,21,94856,292
Shahumyan Region,2006,11,0,36010,77
Artsakh Air,2012,12,9,34490,49
Hadrut Region,2011,8,2,42025,79
Battle of Kalbajar,2013,11,22,105265,280
Shahumyan Region,2007,7,0,36232,79
2014 Armenian%E2%80%93Azerbaijani clashes,2014,10,32,122354,251
Martuni Region,2012,8,0,46730,123
Nagorno Karabakh Republic,2010,1,76,224305,582
Khodaafarin Bridges,2011,2,1,50782,159
February 2010 Nagorno Karabakh skirmish,2015,1,5,77501,238
Mardakert and Martuni Offensives,2008,2,2,60491,181
2008 Mardakert skirmishes,2010,4,32,108188,241
1993 Summer Offensives,2009,7,2,60186,178
Capture of Shusha,2011,5,27,111747,298
1993 Summer Offensives,2008,8,2,59946,177
List of representative offices of Nagorno Karabakh,2011,7,4,58109,177
Operation Goranboy,2011,11,4,84704,273
1993 Summer Offensives,2008,6,2,59596,176
Political status of Nagorno Karabakh,2012,12,39,87525,119
Hadrut Region,2010,7,1,37854,72
2010 Mardakert skirmishes,2012,6,15,86304,243
Shahumyan Region,2008,2,3,39379,86
Kashatagh Region,2013,3,5,54811,95
2008 Mardakert skirmishes,2010,11,32,107249,239
Capture of Shusha,2009,5,23,97079,292
Azat u ankakh Artsakh,2006,6,0,31237,43
Battle of Aghdam,2013,11,8,53074,125
Battle of Kalbajar,2011,5,20,100787,269
Communications in the Nagorno Karabakh Republic,2014,2,1,27420,35
Nagorno Karabakh Republic,2014,10,111,319925,802
Kashatagh Region,2013,1,5,54353,91
Shahumyan Region,2011,7,4,43199,96
Operation Goranboy,2012,3,4,84966,268
Battle of Kalbajar,2012,11,22,104348,277
2008 Mardakert skirmishes,2008,4,31,106099,248
Askeran Region,2010,5,1,40175,87
1993 Summer Offensives,2010,6,3,64639,199
Political status of Nagorno Karabakh,2014,7,54,109328,136
Shahumyan Region,2008,3,3,39531,86
Flag of Nagorno Karabakh,2010,6,1,41101,114
List of representative offices of Nagorno Karabakh,2011,9,4,57841,177
Operation Goranboy,2010,4,4,82826,258
Battle of Kalbajar,2014,12,22,105843,278
Shahumyan Region,2010,4,4,41926,90
Capture of Shusha,2009,11,23,98350,271
Battle of Aghdam,2011,12,8,52595,118
Martuni Region,2008,9,0,38162,80
1993 Summer Offensives,2007,7,2,35199,73
Azat u ankakh Artsakh,2007,12,0,65812,280
Askeran Region,2013,4,1,49513,130
List of diplomatic missions in Nagorno Karabakh,2012,1,0,39278,107
Capture of Shusha,2011,9,27,111773,299
Hadrut Region,2006,3,0,29916,47
Kashatagh Region,2014,5,5,55357,97
Battle of Aghdam,2010,5,6,50429,115
Azat Artsakh,2011,6,0,29426,49
Nagorno Karabakh Republic,2008,12,68,214073,552
Khodaafarin Bridges,2008,4,1,26896,36
Azat Artsakh,2013,2,0,30679,58
1993 Summer Offensives,2012,7,3,63228,194
Nagorno Karabakh Republic,2007,12,55,132130,244
Telephone numbers in the Nagorno Karabakh Republic,2015,3,0,45641,177
Capture of Shusha,2008,2,21,94337,290
Askeran Region,2011,6,1,40569,93
Khodaafarin Bridges,2015,2,1,53346,168
2008 Mardakert skirmishes,2013,2,32,118730,293
Nagorno Karabakh Republic,2011,12,109,275483,721
1993 Summer Offensives,2012,5,3,62704,189
Martuni Region,2011,8,0,41043,82
Battle of Kalbajar,2007,7,20,86636,261
List of diplomatic missions in Nagorno Karabakh,2011,11,0,39840,109
Hadrut Region,2012,9,2,47948,131
2008 Mardakert skirmishes,2012,7,32,118419,286
Battle of Kalbajar,2011,9,20,100928,273
Shushi Region,2011,6,1,38391,72
Mardakert and Martuni Offensives,2007,12,2,64228,199
Azat Artsakh,2011,3,0,29770,51
Flag of Nagorno Karabakh,2010,9,1,41892,118
Nagorno Karabakh Republic,2013,8,95,296125,791
Capture of Shusha,2008,7,21,94937,291
List of diplomatic missions in Nagorno Karabakh,2014,4,0,37265,101
Nagorno Karabakh Republic,2011,5,107,277513,755
Nagorno Karabakh Republic,2010,9,89,259397,752
Hadrut Region,2012,12,2,45501,121
Artsakh Air,2012,10,8,34325,57
Shushi Region,2006,11,1,38538,74
Martuni Region,2011,9,0,46315,123
Nagorno Karabakh Republic,2011,2,96,264243,756
Aram Grigoryan,2013,6,2,32448,52
Miatsum,2010,2,1,57190,176
Azat u ankakh Artsakh,2009,5,0,67559,279
Law enforcement in Nagorno Karabakh Republic,2010,3,2,48071,178
Law enforcement in Nagorno Karabakh Republic,2015,1,2,47657,177
Martuni Region,2006,2,0,29935,44
Shushi Region,2012,9,1,43991,85
Azat u ankakh Artsakh,2007,2,0,64536,278
Battle of Kalbajar,2014,10,22,103345,276
2008 Mardakert skirmishes,2014,3,32,118134,289
Nagorno Karabakh national football team,2014,2,2,38664,65
Nagorno Karabakh passport,2013,10,1,77049,341
Martuni Region,2009,2,0,38908,79
Shushi Region,2011,11,1,44255,91
Flag of Nagorno Karabakh,2011,7,1,42504,110
Capture of Shusha,2014,4,31,117385,308
Political status of Nagorno Karabakh,2013,5,44,93856,131
Nagorno Karabakh national football team,2014,7,3,57842,103
Askeran Region,2014,8,1,50637,130
Flag of Nagorno Karabakh,2009,12,1,44802,134
Hadrut Region,2009,12,1,38181,73
Martuni Region,2008,3,0,37581,76
Battle of Kalbajar,2009,2,22,84466,225
Capture of Shusha,2008,4,21,94736,290
2008 Mardakert skirmishes,2008,6,31,105572,247
Shahumyan Region,2009,12,4,42008,90
Aram Grigoryan,2013,3,0,32921,45
Hadrut Region,2008,3,1,37673,72
Flag of Nagorno Karabakh,2006,7,0,24467,35
Battle of Aghdam,2012,9,8,52838,124
Azat u ankakh Artsakh,2010,1,0,67487,280
Capture of Shusha,2006,9,10,80273,242
Shahumyan Region,2015,2,4,47745,87
Miatsum,2011,1,1,58031,180
Battle of Aghdam,2015,1,8,51785,113
Mardakert and Martuni Offensives,2013,2,2,63525,194
Capture of Shusha,2009,1,21,95430,293
Nagorno Karabakh Republic,2011,4,105,277600,769
Battle of Kalbajar,2009,12,18,88260,241
Capture of Shusha,2007,5,20,93595,291
Hadrut Region,2013,12,2,48026,131
Nagorno Karabakh Republic,2008,3,58,134735,253
Azat u ankakh Artsakh,2012,7,0,67864,281
Miatsum,2013,11,1,62532,227
Flag of Nagorno Karabakh,2012,4,1,43434,120
Capture of Shusha,2007,2,15,86364,260
2008 Mardakert skirmishes,2011,2,32,117216,297
Kashatagh Region,2013,11,5,54421,89
Battle of Kalbajar,2012,2,20,101039,264
Flag of Nagorno Karabakh,2012,5,1,45284,126
Martuni Region,2010,5,0,38637,79
Hadrut Region,2007,1,0,35686,70
Nagorno Karabakh Republic,2009,3,68,217924,575
Nagorno Karabakh Republic,2013,12,96,302379,801
1993 Summer Offensives,2013,8,3,62772,190
2010 Mardakert skirmishes,2014,11,15,86351,247
Nagorno Karabakh Republic,2011,7,108,278868,761
Nagorno Karabakh Republic,2008,11,68,207902,550
Battle of Kalbajar,2007,3,20,83092,234
Shushi Region,2010,3,1,38305,72
Mardakert and Martuni Offensives,2006,11,2,57713,175
2008 Mardakert skirmishes,2011,3,32,116358,292
Shushi Region,2010,8,1,38079,72
Capture of Shusha,2007,1,15,86340,260
Mardakert and Martuni Offensives,2013,11,2,64143,199
Battle of Aghdam,2013,5,8,52853,122
Azat u ankakh Artsakh,2010,9,0,68049,280
Communications in the Nagorno Karabakh Republic,2013,8,1,27337,36
Nagorno Karabakh passport,2013,9,1,76940,345
Capture of Shusha,2012,8,30,118468,303
Battle of Kalbajar,2010,12,20,100696,272
Battle of Kalbajar,2010,10,20,100172,268
Kashatagh Region,2008,11,5,40986,81
2010 Mardakert skirmishes,2013,11,15,86775,248
1993 Summer Offensives,2013,2,3,63049,186
Battle of Kalbajar,2006,11,20,83583,236
Hadrut Region,2012,11,2,44749,117
February 2010 Nagorno Karabakh skirmish,2012,3,5,76253,234
Nagorno Karabakh Republic,2014,11,111,319691,801
February 2010 Nagorno Karabakh skirmish,2014,3,5,76010,234
Capture of Shusha,2013,12,31,117595,310
Capture of Shusha,2008,6,21,94660,289
Nagorno Karabakh Republic,2008,2,58,135694,254
Flag of Nagorno Karabakh,2007,10,1,45074,62
Nagorno Karabakh Republic,2011,3,104,274168,764
Capture of Shusha,2013,4,30,118428,311
Capture of Shusha,2007,3,19,90265,271
Flag of Nagorno Karabakh,2011,3,1,42331,114
Nagorno Karabakh Republic,2012,7,112,306744,767
Mardakert and Martuni Offensives,2007,11,2,64612,203
Nagorno Karabakh Republic,2012,9,115,308722,763
Martuni Region,2014,10,0,48864,122
Political status of Nagorno Karabakh,2014,5,54,109157,131
2008 Mardakert skirmishes,2009,6,31,107189,249
Shahumyan Region,2008,7,3,39848,88
Hadrut Region,2011,7,1,39308,78
Askeran Region,2011,12,1,49611,126
List of diplomatic missions in Nagorno Karabakh,2015,3,0,37773,107
Khodaafarin Bridges,2009,11,1,50439,161
Battle of Kalbajar,2012,7,22,104423,277
Khodaafarin Bridges,2011,3,1,50759,163
Shahumyan Region,2012,7,4,48733,100
Shahumyan Region,2010,10,4,44029,99
Nagorno Karabakh Republic,2010,8,89,258521,747
Kashatagh Region,2008,12,5,41310,85
Capture of Shusha,2009,12,27,112275,303
Political status of Nagorno Karabakh,2013,11,44,93800,139
Capture of Shusha,2012,3,30,113999,294
Azat u ankakh Artsakh,2007,5,0,65719,278
Martuni Region,2008,7,0,37999,78
Shahumyan Region,2008,12,3,41139,88
Nagorno Karabakh Republic,2012,2,109,276730,725
Azat u ankakh Artsakh,2006,9,0,63448,282
Flag of Nagorno Karabakh,2009,11,1,45296,134
Capture of Shusha,2014,12,31,121065,317
Khodaafarin Bridges,2010,11,1,51131,165
Battle of Kalbajar,2010,6,20,100710,274
2008 Mardakert skirmishes,2009,4,31,105551,248
Law enforcement in Nagorno Karabakh Republic,2011,10,2,48355,179
Battle of Kalbajar,2011,4,20,100411,269
Capture of Shusha,2013,3,30,118026,308
2008 Mardakert skirmishes,2011,1,32,116875,291
2008 Mardakert skirmishes,2014,8,32,118788,295
Flag of Nagorno Karabakh,2007,5,1,27804,49
Flag of Nagorno Karabakh,2005,7,0,23068,34
Battle of Kalbajar,2008,8,22,85081,251
Nagorno Karabakh Republic,2009,7,71,223969,626
Nagorno Karabakh national football team,2014,3,2,39068,61
Askeran Region,2009,1,1,39904,86
Capture of Shusha,2007,7,21,96956,301
Capture of Shusha,2008,9,21,95285,293
Mardakert and Martuni Offensives,2006,10,2,57315,173
Battle of Kalbajar,2012,12,22,104414,275
Capture of Shusha,2012,4,30,114460,295
Nagorno Karabakh Republic,2013,3,85,284558,769
Nagorno Karabakh Republic,2009,9,71,223321,600
Nagorno Karabakh Republic,2012,4,111,277409,736
Battle of Kalbajar,2010,9,20,100450,270
Capture of Shusha,2009,7,23,99447,297
Nagorno Karabakh Republic,2014,12,111,320705,810
Battle of Kalbajar,2007,5,20,87479,264
Kashatagh Region,2012,8,5,56710,98
2010 Mardakert skirmishes,2010,8,11,67977,181
Capture of Shusha,2015,1,31,121458,323
Political status of Nagorno Karabakh,2013,1,39,87662,124
2008 Mardakert skirmishes,2012,2,32,116221,288
Shahumyan Region,2006,2,0,29839,46
Shahumyan Region,2011,1,4,44299,99
2010 Mardakert skirmishes,2010,6,7,64181,175
Hadrut Region,2012,8,2,47741,125
Mardakert and Martuni Offensives,2012,12,2,63535,192
Shahumyan Region,2014,11,4,47059,88
Kashatagh Region,2013,5,5,54545,91
Nagorno Karabakh Republic,2010,6,86,256017,745
Azat Artsakh,2012,2,0,30208,52
Askeran Region,2008,8,1,39251,84
Hadrut Region,2012,4,2,47900,123
Capture of Shusha,2014,2,31,117414,303
Mardakert and Martuni Offensives,2009,7,2,60940,179
2010 Mardakert skirmishes,2011,6,15,85868,242
Kashatagh Region,2010,4,3,40373,85
2010 Mardakert skirmishes,2015,1,15,88508,247
Battle of Aghdam,2012,5,8,52786,121
Telephone numbers in the Nagorno Karabakh Republic,2011,9,0,45050,169
Azat u ankakh Artsakh,2008,10,0,67210,280
Hadrut Region,2008,2,1,37277,72
Martuni Region,2014,1,0,47851,128
Battle of Kalbajar,2013,3,22,104534,279
Martuni Region,2008,10,0,38356,79
Azat u ankakh Artsakh,2013,4,0,69938,279
Nagorno Karabakh national football team,2014,9,3,57650,107
Khodaafarin Bridges,2011,10,1,51053,165
Nagorno Karabakh Republic,2009,8,71,222890,601
Martuni Region,2014,5,0,48045,126
Shushi Region,2008,3,1,38971,75
Nagorno Karabakh Republic,2012,11,114,318171,809
Artsakh Air,2012,3,8,33751,53
Battle of Kalbajar,2010,4,18,88908,247
Khodaafarin Bridges,2013,9,1,53909,173
Political status of Nagorno Karabakh,2014,10,57,111916,141
2014 Armenian%E2%80%93Azerbaijani clashes,2015,4,28,116403,231
Operation Goranboy,2014,11,5,89465,289
Nagorno Karabakh Republic,2013,9,95,295604,790
Battle of Kalbajar,2010,7,20,100351,271
List of representative offices of Nagorno Karabakh,2009,12,2,29258,40
Flag of Nagorno Karabakh,2005,11,0,24132,37
Nagorno Karabakh Republic,2012,5,112,304053,753
Capture of Shusha,2013,2,30,118503,312
Nagorno Karabakh Republic,2013,6,93,292110,787
Nagorno Karabakh Republic,2015,4,110,325912,806
Shahumyan Region,2012,3,4,48623,98
Nagorno Karabakh Republic,2014,9,111,319221,801
Hadrut Region,2006,2,0,29308,42
Capture of Shusha,2015,3,31,121136,321
Martuni Region,2007,1,0,37388,81
Battle of Kalbajar,2012,4,21,101833,265
Battle of Kalbajar,2008,1,22,84945,253
Flag of Nagorno Karabakh,2008,12,1,43238,127
Martuni Region,2012,11,0,46632,123
Nagorno Karabakh Republic,2012,12,85,279488,755
Miatsum,2009,8,0,28180,46
Martuni Region,2008,2,0,37533,76
Miatsum,2012,4,1,54526,174
Shushi Region,2011,9,1,43302,83
2008 Mardakert skirmishes,2015,2,32,118688,292
Hadrut Region,2006,5,0,30264,48
Shushi Region,2008,7,1,37039,69
Askeran Region,2008,10,1,39526,86
Law enforcement in Nagorno Karabakh Republic,2008,7,2,37947,122
2010 Mardakert skirmishes,2012,4,15,86440,243
Capture of Shusha,2010,1,27,112453,304
Political status of Nagorno Karabakh,2014,8,55,109947,139
Miatsum,2013,3,1,54561,174
Nagorno Karabakh Republic,2011,10,108,274221,721
2010 Mardakert skirmishes,2014,3,15,86268,245
List of representative offices of Nagorno Karabakh,2011,2,3,58485,177
Shushi Region,2010,7,1,37983,72
2008 Mardakert skirmishes,2010,8,32,107547,242
Khodaafarin Bridges,2015,4,1,56015,176
Shushi Region,2011,4,1,37957,72
Askeran Region,2009,6,1,40593,92
Flag of Nagorno Karabakh,2011,10,1,42544,115
Capture of Shusha,2010,9,28,113840,299
Flag of Nagorno Karabakh,2007,2,1,27266,45
Khodaafarin Bridges,2013,6,1,52186,170
List of representative offices of Nagorno Karabakh,2010,12,3,55566,167
Nagorno Karabakh Republic,2014,4,96,302386,801
Miatsum,2013,6,1,62267,225
Hadrut Region,2009,7,1,38063,71
Azat u ankakh Artsakh,2010,3,0,67537,280
Mardakert and Martuni Offensives,2007,6,2,63860,199
1993 Summer Offensives,2007,4,3,31918,56
Martuni Region,2006,5,0,27103,40
Nagorno Karabakh Republic,2013,1,85,283461,773
Kashatagh Region,2013,2,5,55014,97
Capture of Shusha,2013,11,31,117274,306
Shushi Region,2010,11,1,38363,72
Nagorno Karabakh Republic,2013,10,95,299382,800
Flag of Nagorno Karabakh,2011,2,1,41966,111
Battle of Kalbajar,2010,11,20,100178,268
Battle of Kalbajar,2006,9,18,84607,242
Hadrut Region,2008,6,1,37335,68
List of diplomatic missions in Nagorno Karabakh,2011,8,0,39572,114
Khodaafarin Bridges,2009,9,1,49821,161
Hadrut Region,2008,10,1,38402,73
1993 Summer Offensives,2015,1,3,63746,195
2010 Mardakert skirmishes,2011,3,15,85927,242
Law enforcement in Nagorno Karabakh Republic,2012,5,2,48184,176
Martuni Region,2009,4,0,38234,75
Miatsum,2009,10,1,56905,172
Azat u ankakh Artsakh,2009,9,0,67521,278
Shushi Region,2008,8,1,37498,71
Hadrut Region,2011,6,1,39506,78
Battle of Aghdam,2014,5,9,54109,124
List of representative offices of Nagorno Karabakh,2012,9,3,56328,177
Askeran Region,2006,12,0,34552,69
Law enforcement in Nagorno Karabakh Republic,2013,5,2,48160,180
Hadrut Region,2006,12,0,35667,70
Hadrut Region,2012,5,2,48048,129
1993 Summer Offensives,2013,3,3,63361,194
Kashatagh Region,2008,8,5,40584,81
Battle of Kalbajar,2011,12,20,100306,265
2010 Mardakert skirmishes,2013,7,15,86408,241
Khodaafarin Bridges,2008,10,1,28979,42
Communications in the Nagorno Karabakh Republic,2013,7,1,24461,29
Political status of Nagorno Karabakh,2014,6,54,108931,133
Shushi Region,2014,1,1,43991,85
Battle of Kalbajar,2010,5,20,100815,278
Shahumyan Region,2010,7,4,41810,90
Kashatagh Region,2009,10,3,40425,81
Artsakh Air,2011,2,7,33495,47
Nagorno Karabakh Republic,2012,3,108,275044,729
Battle of Kalbajar,2010,1,18,88099,242
Nagorno Karabakh Republic,2012,1,109,275735,725
Battle of Aghdam,2014,9,9,55067,126
Shahumyan Region,2011,3,4,43940,99
Operation Goranboy,2011,12,4,84672,273
Flag of Nagorno Karabakh,2005,3,0,23137,34
Flag of Nagorno Karabakh,2013,3,0,24232,36
Shushi Region,2011,2,1,38571,72
2014 Armenian%E2%80%93Azerbaijani clashes,2014,11,26,112226,229
Shahumyan Region,2014,1,4,45369,87
Kashatagh Region,2008,6,0,26937,32
Battle of Aghdam,2010,7,6,49600,110
Battle of Aghdam,2012,3,8,52348,118
Nagorno Karabakh national football team,2013,4,2,33919,48
Khodaafarin Bridges,2015,3,1,56842,184
Capture of Shusha,2009,6,23,100784,307
Mardakert and Martuni Offensives,2007,7,2,63937,199
Flag of Nagorno Karabakh,2011,12,1,43094,115
Nagorno Karabakh national football team,2015,2,3,60453,110
Battle of Aghdam,2012,7,8,52882,124
Askeran Region,2010,12,1,40249,89
Battle of Kalbajar,2008,6,22,84676,250
Shahumyan Region,2014,10,4,46780,87
Khodaafarin Bridges,2014,12,1,54201,175
Askeran Region,2015,1,1,50650,118
Capture of Shusha,2010,4,27,112460,301
Capture of Shusha,2013,10,31,119152,307
Battle of Kalbajar,2008,4,22,84975,251
Shahumyan Region,2008,10,3,40724,90
Martuni Region,2013,1,0,47500,126
2008 Mardakert skirmishes,2008,8,31,105960,248
Kashatagh Region,2008,7,5,40273,79
Azat u ankakh Artsakh,2011,11,0,67669,281
Kashatagh Region,2010,9,3,40702,83
Miatsum,2013,7,1,61993,223
Political status of Nagorno Karabakh,2014,9,57,112282,140
Martuni Region,2010,2,0,38453,79
Nagorno Karabakh Republic,2009,5,68,217273,570
Shahumyan Region,2010,11,4,43924,99
Martuni Region,2011,6,0,38674,81
2008 Mardakert skirmishes,2013,11,32,117959,284
Askeran Region,2006,5,0,29448,46
1993 Summer Offensives,2011,1,3,63008,189
Shushi Region,2013,2,1,44236,91
Mardakert and Martuni Offensives,2007,9,2,64707,207
Hadrut Region,2014,10,2,49902,132
Nagorno Karabakh Republic,2009,10,71,225960,612
Kashatagh Region,2011,8,4,42823,81
Battle of Aghdam,2011,5,8,52143,114
Hadrut Region,2013,2,2,48178,133
Operation Goranboy,2010,7,4,86151,274
Battle of Kalbajar,2010,3,18,88486,243
Azat Artsakh,2010,1,0,29657,53
List of representative offices of Nagorno Karabakh,2013,1,3,58393,184
2010 Mardakert skirmishes,2012,2,15,86318,246
Nagorno Karabakh Republic,2014,6,109,316274,801
Kashatagh Region,2009,11,3,39881,79
Nagorno Karabakh Republic,2010,3,76,222818,576
Shahumyan Region,2008,8,3,40340,89
Nagorno Karabakh Republic,2008,4,59,136388,254
Shahumyan Region,2011,8,4,46040,96
Capture of Shusha,2007,9,21,97239,306
Capture of Shusha,2013,5,30,118196,305
Hadrut Region,2011,1,1,39018,78
1993 Summer Offensives,2008,4,2,60036,179
Khodaafarin Bridges,2010,10,1,51349,165
Khodaafarin Bridges,2008,2,1,26047,34
Battle of Kalbajar,2011,10,20,100672,265
Nagorno Karabakh national football team,2013,7,2,33952,48
2010 Mardakert skirmishes,2010,7,10,65372,176
Martuni Region,2009,3,0,38435,75
2008 Mardakert skirmishes,2012,9,32,118806,288
Martuni Region,2006,3,0,30471,49
Kashatagh Region,2010,1,3,40231,81
Law enforcement in Nagorno Karabakh Republic,2007,12,2,28460,56
Telephone numbers in the Nagorno Karabakh Republic,2011,10,0,45105,171
Azat Artsakh,2009,11,0,29327,49
Kashatagh Region,2009,8,3,40269,79
Flag of Nagorno Karabakh,2008,6,1,43129,130
Law enforcement in Nagorno Karabakh Republic,2009,4,2,47551,179
Azat u ankakh Artsakh,2009,1,0,67284,283
Kashatagh Region,2010,5,3,40077,81
Capture of Shusha,2012,11,30,117767,306
Operation Goranboy,2011,10,4,84338,267
Askeran Region,2010,3,1,40113,86
2008 Mardakert skirmishes,2012,12,32,118784,287
Shahumyan Region,2010,5,4,41922,88
Shahumyan Region,2008,6,3,39430,87
Kashatagh Region,2011,9,4,55203,98
Askeran Region,2006,6,0,29714,50
Miatsum,2011,10,1,54414,173
Flag of Nagorno Karabakh,2009,2,1,43365,132
Battle of Kalbajar,2014,3,21,103021,277
Azat u ankakh Artsakh,2013,8,0,70442,287
Flag of Nagorno Karabakh,2011,6,1,43201,114
Nagorno Karabakh Republic,2012,10,115,317693,804
Shushi Region,2007,1,1,38643,76
Nagorno Karabakh Republic,2010,2,76,223746,578
Flag of Nagorno Karabakh,2007,6,1,44572,62
Kashatagh Region,2014,7,5,54570,88
Operation Goranboy,2012,1,4,84942,273
Artsakh Air,2011,4,8,33657,52
Shushi Region,2007,12,1,38831,75
Shahumyan Region,2012,1,4,48406,98
Battle of Kalbajar,2014,5,21,102938,278
Nagorno Karabakh Republic,2013,4,87,285321,777
Hadrut Region,2010,3,1,38079,71
Battle of Aghdam,2010,11,8,52344,118
Law enforcement in Nagorno Karabakh Republic,2010,9,2,48543,182
